
insert into T_CUSTOMER (CUSTOMER_ID, FIRST_NAME, LAST_NAME, STREET,CITY, STATE, ZIP_CODE, COUNTRY, EMAIL) 
values (100, 'Willaim', 'Shakespeare', 'Willow Road', 'Brookeshire', 'London', '6200', 'UK', 'Willaim.Shakespeare@msn.com');

insert into T_CUSTOMER (CUSTOMER_ID, FIRST_NAME, LAST_NAME, STREET,CITY, STATE, ZIP_CODE, COUNTRY, EMAIL) 
values (200, 'Henry', 'Babbage', 'One Pine Way', 'Lancaster', 'Virgina', '85072', 'US', 'Henry_Babbage@yahoo.com');

insert into T_CUSTOMER (CUSTOMER_ID, FIRST_NAME, LAST_NAME, STREET,CITY, STATE, ZIP_CODE, COUNTRY, EMAIL) 
values (300, 'Marie', 'Curie', '27 Maple Street', 'Baltimore', 'Maryland', '07345', 'US', 'MarieCurie@gmail.com');



insert into T_ORDER (ORDER_ID, CUSTOMER_ID, PRODUCT_ID, PAYMENT_ID, QUANTITY, DELIVERY_TYPE, TERMS, CONTACT) 
values (1000, 100, 120, 111, 10, 'REGULAR DELIVERY', 'SAME DAY', 'Y');

insert into T_ORDER (ORDER_ID, CUSTOMER_ID, PRODUCT_ID, PAYMENT_ID, QUANTITY, DELIVERY_TYPE, TERMS, CONTACT) 
values (2000, 200, 130, 222, 20, 'SPECIAL DELIVERY', 'NEXT DAY', 'N');

insert into T_ORDER (ORDER_ID, CUSTOMER_ID, PRODUCT_ID, PAYMENT_ID, QUANTITY, DELIVERY_TYPE, TERMS, CONTACT) 
values (3000, 200, 130, 333, 30, 'REGULAR DELIVERY', 'SAME DAY', 'Y');

insert into T_ORDER (ORDER_ID, CUSTOMER_ID, PRODUCT_ID, PAYMENT_ID, QUANTITY, DELIVERY_TYPE, TERMS, CONTACT) 
values (4000, 200, 140, 333, 40, 'SPECIAL DELIVERY', 'NEXT DAY', 'N');

insert into T_ORDER (ORDER_ID, CUSTOMER_ID, PRODUCT_ID, PAYMENT_ID, QUANTITY, DELIVERY_TYPE, TERMS, CONTACT) 
values (5000, 130, 140, 444, 80, 'REGULAR DELIVERY', 'NEXT DAY', 'Y');


	
insert into T_PRODUCT (PRODUCT_ID, DESCRIPTION, PRICE) 
values (120, 'Blue Fuzzy Widget', 12.50);

insert into T_PRODUCT (PRODUCT_ID, DESCRIPTION, PRICE) 
values (130, 'Large Wanker Doodle', 100.00);

insert into T_PRODUCT (PRODUCT_ID, DESCRIPTION, PRICE) 
values (140, 'Shiny Thingamabob', 200.00);

insert into T_PRODUCT (PRODUCT_ID, DESCRIPTION, PRICE) 
values (150, 'Shiny Thingamabob', 75.00);



insert into T_PAYMENT (PAYMENT_ID, CARD_NUMBER, SECURITY_CODE,EXPIRATION_DATE, AMOUNT) 
	values (111, '1234567890123456', 123, '2014-05-23 00:00:00', 12.50);
	
insert into T_PAYMENT (PAYMENT_ID, CARD_NUMBER, SECURITY_CODE,EXPIRATION_DATE, AMOUNT) 
	values (222, '2345678901234567', 345, '2014-07-15 00:00:00', 125.00);
	
insert into T_PAYMENT (PAYMENT_ID, CARD_NUMBER, SECURITY_CODE,EXPIRATION_DATE, AMOUNT) 
	values (333, '3456789012345678', 578, '2014-12-05 00:00:00', 75.00);
	
insert into T_PAYMENT (PAYMENT_ID, CARD_NUMBER, SECURITY_CODE,EXPIRATION_DATE, AMOUNT) 
	values (444, '4567890123456789', 578, '2014-12-05 00:00:00', 75.00);
	
	
insert into T_CUSTOMER_ORDER (ORDER_ID, CUSTOMER_ID, FIRST_NAME, LAST_NAME, DESCRIPTION, QUANTITY, PRICE, CARD_NUMBER ) 
values (100, 200, 'William', 'Shakespeare', 'Silk Purse', 5, 45.00, 1234);

insert into T_CUSTOMER_ORDER (ORDER_ID, CUSTOMER_ID, FIRST_NAME, LAST_NAME, DESCRIPTION, QUANTITY, PRICE, CARD_NUMBER ) 
values (200, 200, 'William', 'Shakespeare', 'Silk Purse', 5, 45.00, 1234);


	


